Filename,Image Description,Title,Description,Hashtags,SEO Keywords,Board Name,New Board Name
Trillion_and_Round_Chartreuse_Ring.png,A thumb holds a rounded and trillion chartreuse duo on a polished gold band set against a deep navy field.,Trillion and Round Chartreuse Duo Ring,"Against a deep navy background, a single ring pairs a glowing round chartreuse stone with a matching trillion companion on a sleek yellow-gold band; the sculpted silhouette feels heirloom while staying wearable for everyday luxury.",#greenjewelry #chartreusegem #twostonering #trillioncut #peridotring #yellowgold #bridalstack #everydayluxury #finejewelry #designerjewelry #sparkleaddict #modernbridal,"chartreuse gemstone ring, green trillion duo ring, yellow gold two stone ring, peridot engagement ring, modern green solitaire, designer gemstone stack, everyday luxury ring, luminous chartreuse ring, green bridal ring, high-end peridot band",Green Gemstone Gold Rings,
Round_Solitaire_with_Pear_Guard.png,A cozy knit sleeve frames a round bezel solitaire flanked by pear side stones and layered over a twisted diamond guard.,Round Diamond Solitaire with Pear Guard Stack,Warm knit textures let a round solitaire sit between pear guards while a delicate diamond band adds architectural movement; pin this when you want a clean solitaire stack with couture depth.,#solitairering #pearaccents #diamondstack #modernbridal #finejewelry #bridalstyle #yellowgold #sparkle #everydayglam #stackingrings #engagementring #luxuryjewelry,"round bezel solitaire ring, pear accent guard, modern diamond stack, yellow gold engagement, fine jewelry layering, luxury solitaire stack, everyday sparkle ring, trending bridal ring, designer engagement stack, curated solitaire guard",Modern Halo and Solitaire Rings,
Tandem_Green_Gemstone_Stack.png,"Two yellow-gold bands float in a navy glow, one carrying an oval green gem and the other a slender pear.",Tandem Green Gemstone Stack,A curated duo of green gemstones-oval and pear-makes for a luxe stacking moment that feels both modern and story-driven; add it to your green gemstone boards when you want soft color contrast.,#greenstack #peridotring #dualrings #stackingrings #finejewelry #bridalstack #yellowgold #sparkle #emeraldtone #everydayluxury #designerjewelry #gemstonestyle,"dual green gemstone rings, peridot stacking set, modern bridal stack, yellow gold gemstone duo, fine jewelry layering, emerald tone stack, luxury everyday rings, trending green set, designer peridot engagement, luminous ring combination",Green Gemstone Gold Rings,
Emerald_Cut_with_Marquise_Shoulders.png,"An emerald-cut center sits above marquise shoulders on a warm hand, the guard shaping the silhouette.",Emerald Cut with Marquise Shoulders,"A rich emerald-cut solitaire with marquise shoulders delivers couture-worthy drama without feeling bulky, so pin it to Emerald Cut Statement Rings when you want a sculptural take on bridal glamour.",#emeraldcut #statementring #marquiserings #engagementring #bridalstyle #yellowgold #luxuryjewelry #finejewelry #sparkle #bridalstack #weddingring #modernbride,"emerald cut engagement ring, marquise shoulder ring, couture bridal stack, yellow gold solitaire, luxury statement ring, fine jewelry emerald, everyday bold diamond, modern bride stack, high-end ring design, diamond petal guard",Emerald Cut Statement Rings,
Pear_and_Round_Chartreuse_Duo.png,"Two bezel-set chartreuse gems, a pear and a round, hover above a delicate diamond chain on a warm caramel field.",Pear and Round Chartreuse Duo,The pear and round chartreuse gems glow with soft warmth while a floating diamond chain adds motion; bring this to Green Gemstone Gold Rings when you want to show how green and gold pair with light sparkle.,#greenrings #peridotjewelry #chartreusegem #pearandround #finejewelry #yellowgold #bridalstyle #stackingring #sparkle #gemstonelove #luxuryjewelry #stackrings,"pear and round chartreuse ring, green gemstone duo, yellow gold tennis chain, luxury gemstone layering, modern bridal green, peridot engagement ring, designer gemstone stack, everyday stackable rings, lifestyle jewelry, vivid green ring",Green Gemstone Gold Rings,
Peridot_Cabochon_and_Pear_Stack.png,"An autumnal backdrop holds a peridot cabochon, pear gem, and diamond tennis stack for layered texture.",Peridot Cabochon and Pear Stack,"Three rings combine cabochon, pear, and tennis styles to create an heirloom-ready stack that still feels modern; save it to Green Gemstone Gold Rings for tactile layering inspiration.",#peridotjewelry #greenstack #diamondtennis #stackingrings #finejewelry #yellowgold #gemstonestack #bridalstyle #sparkle #luxuryjewelry #gemstonelove #heirloomstack,"peridot cabochon stack, pear gemstone ring, diamond tennis stacking, yellow gold layering, luxury green stack, fine jewelry set, emerald tone bridal, modern heirloom stack, designer ring stack, high-end gemstone layering",Green Gemstone Gold Rings,
Pear_Drop_Peridot_with_Tennis_Ladder.png,A pear-drop peridot sits above a diamond tennis ladder on a rich copper background.,Pear Drop Peridot with Tennis Ladder,"Copper tones highlight how a pear-drop peridot can rest atop a diamond tennis ladder, pairing bold color with fluttery sparkle-perfect for Green Gemstone Gold Rings content.",#pearcut #peridotstack #tennisring #bridalstack #luxuryjewelry #greenrings #finejewelry #yellowgold #ringstackinspo #sparkle #gemstonelove #holidayglam,"pear drop peridot ring, diamond tennis ladder, luxury gemstone stack, yellow gold peridot, fine jewelry bridal, modern engagement stack, everyday sparkle ring, designer gemstone stack, trending green ring, couture bridal accent",Green Gemstone Gold Rings,
Pear_Peridot_and_Chartreuse_Chain.png,An orange ribbed sweater frames a pear peridot and chartreuse round above a delicate diamond chain.,Pear Peridot and Chartreuse Chain,"A pear peridot and chartreuse round float on a sculptural band while a diamond chain slides below, keeping the stack dynamic and wearable; add it to Green Gemstone Gold Rings when you need energy-driven layering.",#peridotjewelry #greenstack #diamondchain #finejewelry #bridalstyle #yellowgold #pearcut #sparkle #luxuryjewelry #gemstonelove #stackrings #modernluxe,"pear peridot stack, diamond chain ring, green gemstone layering, yellow gold elegance, everyday sparkle duo, modern bridal green, fine jewelry layering, trending gemstone pair, luxe peridot design, designer ring set",Green Gemstone Gold Rings,
Round_Solitaire_with_Pear_Guards.png,Ivory knit sleeves contrast a round center diamond flanked by pear guards that create a dramatic silhouette.,Round Solitaire with Pear Guards,Soft ivory knit textures highlight how a round solitaire can rise between pear guards for an architectural engagement focus; this deserves a spot on Modern Halo and Solitaire Rings boards.,#solitairerings #pearaccents #bridalstack #diamondstack #finejewelry #yellowgold #sparkle #weddingring #engagementring #luxuryjewelry #ringgoals #pinnedglow,"round diamond with pear guard, modern solitaire ring, luxury engagement stack, yellow gold diamond ring, bridal solitaire stack, fine jewelry layering, couture wedding ring, everyday sparkle guard, statement engagement ring, designer stack",Modern Halo and Solitaire Rings,
Oval_Chartreuse_with_Diamond_Sidelights.png,A slender hand lifts an oval chartreuse gem flanked by petite diamonds over a dark field.,Oval Chartreuse with Diamond Sidelights,"This oval chartreuse center glows between petite diamond sidestones, blending jewel tones with crisp architecture; drop it on Green Gemstone Gold Rings for a luminous focal point.",#chartreusegem #ovalring #diamondaccent #bridalstack #finejewelry #greenjewelry #peridotring #yellowgold #sparkle #modernbridal #luxuryrings #gemstonelove,"oval chartreuse ring, diamond sidering, yellow gold gemstone, peridot accent ring, luxury engagement ring, everyday gemstone stack, fine jewelry bridal, trending green ring, designer oval solitaire, luminous gemstone ring",Green Gemstone Gold Rings,
Bezel_Solitaire_with_Pear_Accents.png,Navy knit sleeves showcase a bezel-set diamond nestled between pear accents and a twisted cable band.,Bezel Solitaire with Pear Accents,"A bezel solitaire centers the frame while pear accents and a twisted cable guard keep the conversation modern, so add this piece to Modern Halo and Solitaire Rings for sculpted quiet luxury.",#bezelring #pearaccents #diamondstack #finejewelry #bridalstack #yellowgold #sparkle #solitairering #modernbride #luxuryjewelry #ringstacking #designerring,"bezel solitaire ring, pear accent ring, yellow gold diamond stack, modern engagement ring, fine jewelry layering, luxury bridal stack, everyday sparkle solitaire, twisted guard ring, couture diamond story, engagement ring inspiration",Modern Halo and Solitaire Rings,
Pear_Peridot_and_Tennis_Chain.png,Charcoal background lets a pear peridot hover above a column of diamonds and a delicate chain.,Pear Peridot and Tennis Chain Harmony,"A pear peridot floats over a vertical blend of diamonds and chain links, giving the stack movement while staying grounded in Green Gemstone Gold Rings energy.",#peridotjewelry #tennisring #pearcut #greenstack #finejewelry #yellowgold #sparkle #bridalstack #luxuryjewelry #ringstacking #gemstonelove #elegantring,"pear peridot stack, diamond tennis ring, fine jewelry layering, green gemstone guard, luxury everyday ring, modern bridal stack, couture peridot, trending gemstone pair, designer diamond chain, high-end stack",Green Gemstone Gold Rings,
Emerald_Cut_Crown_with_Marquise_Petals.png,A soft blue sweater highlights an emerald-cut crown ring surrounded by marquise petals.,Emerald Cut Crown with Marquise Petals,The emerald-cut center is framed by marquise petals for a royal couture profile that still slides into everyday drama; save it to Emerald Cut Statement Rings for bold bridal storytelling.,#emeraldcut #statementring #marquiserings #bridalstack #finejewelry #yellowgold #sparkle #engagementring #luxuryjewelry #royalring #crownring #glamourstack,"emerald cut statement ring, marquise petal engagement, modern bridal halo, couture emerald ring, gold gemstone stack, fine jewelry highlight, everyday royal ring, trending emerald bridal, designer statement ring, luscious diamond guard",Emerald Cut Statement Rings,
